<?xml version="1.0"?>
<faces-config xmlns="http://java.sun.com/xml/ns/javaee" 
   xmlns:xsi="http://www.w3.org/2001/XMLSchema-instance"
   xsi:schemaLocation="http://java.sun.com/xml/ns/javaee 
      http://java.sun.com/xml/ns/javaee/web-facesconfig_2_0.xsd"
   version="2.0">
   
   <converter>
    <converter-id>fooConverter</converter-id>
    <converter-class>com.example.mb.converter.FooConverter</converter-class>
</converter>
<managed-bean>
    <managed-bean-name>myBean</managed-bean-name>
    <managed-bean-class>com.example.mb.converter.MyBean</managed-bean-class>
    <managed-bean-scope>request</managed-bean-scope>
</managed-bean>

</faces-config>
